Landmark_1,Landmark_2,Landmark_3,Landmark_4,Landmark_5,Landmark_6,Landmark_7,Landmark_8,Landmark_9,Landmark_10,Landmark_11,Landmark_12,Landmark_13,Landmark_14,Landmark_15,Landmark_16,Landmark_17,Landmark_18,Landmark_19,Landmark_20,Landmark_21,Landmark_22,Landmark_23,Landmark_24,Landmark_25,Landmark_26,Landmark_27,Landmark_28,Landmark_29,Landmark_30,Landmark_31,Landmark_32,Landmark_33,Landmark_34,Landmark_35,Landmark_36,Landmark_37,Landmark_38,Landmark_39,Landmark_40,Landmark_41,Landmark_42,Landmark_43,Landmark_44,Landmark_45,Landmark_46,Landmark_47,Landmark_48,Landmark_49,Landmark_50,Landmark_51,Landmark_52,Landmark_53,Landmark_54,Landmark_55,Landmark_56,Landmark_57,Landmark_58,Landmark_59,Landmark_60,Landmark_61,Landmark_62,Landmark_63,Gesture
0.47793862223625183,0.7481845617294312,-5.719919045077404e-07,0.5783623456954956,0.6849237084388733,-0.04940764233469963,0.6493231058120728,0.5516707897186279,-0.06337124854326248,0.6568640470504761,0.43317511677742004,-0.07510065287351608,0.6425216197967529,0.3398163914680481,-0.0770660862326622,0.5586201548576355,0.44075411558151245,-0.020227471366524696,0.5784789323806763,0.3803495466709137,-0.08803573250770569,0.5920722484588623,0.4804743528366089,-0.1146901398897171,0.5943212509155273,0.5523203611373901,-0.1174142137169838,0.4852132201194763,0.45184507966041565,-0.01793544925749302,0.515093207359314,0.4014208912849426,-0.09530124813318253,0.538932740688324,0.5274698138237,-0.10759776085615158,0.5435734987258911,0.5940817594528198,-0.0951123833656311,0.41384944319725037,0.47685837745666504,-0.02732127532362938,0.44503337144851685,0.43154072761535645,-0.11279462277889252,0.47964558005332947,0.5540730357170105,-0.09700112044811249,0.4872715175151825,0.6161466836929321,-0.06084504723548889,0.34023943543434143,0.5146045684814453,-0.039575301110744476,0.381959468126297,0.47737568616867065,-0.09946676343679428,0.41895371675491333,0.5604865550994873,-0.08798251301050186,0.4267460107803345,0.604280948638916,-0.06170424446463585,A
0.3529735505580902,0.6788798570632935,-1.0841914672710118e-06,0.5649300813674927,0.6532546281814575,-0.1313333809375763,0.7666422128677368,0.42949575185775757,-0.15724922716617584,0.7969725131988525,0.21200430393218994,-0.16552022099494934,0.7323567867279053,0.06221058964729309,-0.158938467502594,0.6276162266731262,0.24618539214134216,-0.08583059161901474,0.6222367882728577,0.06815630197525024,-0.20819711685180664,0.5955183506011963,0.19910064339637756,-0.2492285519838333,0.5873451232910156,0.32643428444862366,-0.2440056949853897,0.463448703289032,0.2506170868873596,-0.05127624794840813,0.43819737434387207,0.10465916991233826,-0.19916276633739471,0.43349489569664,0.3098088502883911,-0.21612192690372467,0.4625310003757477,0.44271668791770935,-0.1781553328037262,0.30551382899284363,0.27749666571617126,-0.03997587040066719,0.28232666850090027,0.1694931536912918,-0.19891713559627533,0.29798275232315063,0.37370947003364563,-0.1672447770833969,0.33752989768981934,0.4983736276626587,-0.09198690205812454,0.1567164957523346,0.32434871792793274,-0.03559761866927147,0.1528608202934265,0.23262539505958557,-0.14292117953300476,0.17560425400733948,0.3732021749019623,-0.1174139454960823,0.20990261435508728,0.4623279571533203,-0.061309754848480225,A
0.5149490833282471,0.6970678567886353,-7.393958867396577e-07,0.5985167026519775,0.5677555799484253,-0.02411600947380066,0.6197555661201477,0.3977494537830353,-0.026241566985845566,0.5947049260139465,0.2651561498641968,-0.03012136183679104,0.5734820365905762,0.16773173213005066,-0.027414832264184952,0.5407757759094238,0.3258199095726013,0.0057592629455029964,0.522456169128418,0.2303982675075531,-0.037678614258766174,0.5409137010574341,0.33296799659729004,-0.05754286050796509,0.5518207550048828,0.3945522606372833,-0.06224828585982323,0.4783249795436859,0.356779545545578,0.0027203599456697702,0.465086430311203,0.2615649104118347,-0.04320363700389862,0.4942222535610199,0.3829438090324402,-0.05057932436466217,0.5026414394378662,0.43799471855163574,-0.042968060821294785,0.42077839374542236,0.4008207321166992,-0.008488746359944344,0.40892720222473145,0.31309759616851807,-0.0590050145983696,0.4455401301383972,0.42790481448173523,-0.0422498919069767,0.45636093616485596,0.4814054071903229,-0.015647042542696,0.3631817698478699,0.45979535579681396,-0.02129255421459675,0.3613918125629425,0.3748539984226227,-0.05057001858949661,0.39593398571014404,0.45053988695144653,-0.03191199526190758,0.4065978229045868,0.4975939095020294,-0.008403421379625797,A
0.49358752369880676,0.7297956943511963,-1.453045570087852e-06,0.6539250016212463,0.6661877036094666,-0.05891655758023262,0.7433297038078308,0.48170942068099976,-0.06427878141403198,0.7415241003036499,0.3000158667564392,-0.0653071403503418,0.7884740829467773,0.19968359172344208,-0.04653656855225563,0.6729172468185425,0.349421888589859,-0.002294740406796336,0.6515058279037476,0.21820172667503357,-0.06772874295711517,0.6465672254562378,0.35616376996040344,-0.0852448046207428,0.6524806022644043,0.40616706013679504,-0.08571325987577438,0.5713052153587341,0.34554460644721985,0.006916321814060211,0.5505390167236328,0.23135501146316528,-0.06432637572288513,0.5671268701553345,0.3864463269710541,-0.059410564601421356,0.5761029720306396,0.4093194305896759,-0.03637375310063362,0.480118989944458,0.358126699924469,0.0005719026667065918,0.4576461911201477,0.2451249659061432,-0.07890164852142334,0.47965139150619507,0.39730194211006165,-0.03571346402168274,0.4886533319950104,0.4324728548526764,0.015884075313806534,0.38754934072494507,0.3813358247280121,-0.011031816713511944,0.38284915685653687,0.29497164487838745,-0.05469098687171936,0.4038945436477661,0.40151843428611755,-0.02094651758670807,0.406997412443161,0.44271108508110046,0.018476536497473717,A
0.48771557211875916,0.8042974472045898,-6.579580258403439e-07,0.556366503238678,0.6689437031745911,-0.03727837651968002,0.5774292945861816,0.4893852472305298,-0.04889673367142677,0.5638629198074341,0.36259445548057556,-0.057632241398096085,0.5566489696502686,0.26902827620506287,-0.05475309118628502,0.499343603849411,0.39975643157958984,-0.02591685950756073,0.4748580753803253,0.2951655983924866,-0.07504598796367645,0.5119354128837585,0.4110650420188904,-0.09112023562192917,0.5212451815605164,0.4612882137298584,-0.09473340958356857,0.4382438659667969,0.4542686641216278,-0.026798823848366737,0.41542673110961914,0.35289353132247925,-0.08336969465017319,0.4713294506072998,0.4813368320465088,-0.09154520183801651,0.47363215684890747,0.5106571316719055,-0.08584584295749664,0.38742485642433167,0.5262983441352844,-0.03528362140059471,0.37551161646842957,0.46127671003341675,-0.09460024535655975,0.4367273151874542,0.5698996782302856,-0.07924488931894302,0.4392154812812805,0.5799404382705688,-0.05578012391924858,0.341441810131073,0.6023960113525391,-0.04599251225590706,0.3413795530796051,0.5546761751174927,-0.0791858360171318,0.3912186026573181,0.6142913103103638,-0.06380938738584518,0.3955138325691223,0.6265195608139038,-0.045645877718925476,A
0.49403655529022217,0.6205321550369263,-1.5973545259839739e-06,0.6662565469741821,0.524645209312439,-0.04690580815076828,0.7504236102104187,0.3873960077762604,-0.06113322824239731,0.7476623058319092,0.2753162086009979,-0.08072467148303986,0.8143330812454224,0.20300894975662231,-0.08341173082590103,0.5978837013244629,0.3124888837337494,0.005986456759274006,0.6330226063728333,0.2282162308692932,-0.08243732154369354,0.644006609916687,0.3355944752693176,-0.11469198763370514,0.6221941709518433,0.3827469050884247,-0.12043822556734085,0.48011013865470886,0.3260440528392792,-0.0023020755033940077,0.5185185670852661,0.24596473574638367,-0.09763914346694946,0.5483028292655945,0.3652448058128357,-0.10711308568716049,0.5191966891288757,0.39856475591659546,-0.09107857197523117,0.3696189522743225,0.3530733585357666,-0.026090992614626884,0.4035537540912628,0.274117648601532,-0.12970776855945587,0.45131707191467285,0.38695886731147766,-0.08868467062711716,0.4277534484863281,0.4258921146392822,-0.033121347427368164,0.24825778603553772,0.3907334506511688,-0.05240216851234436,0.29213327169418335,0.3172777593135834,-0.10752084851264954,0.3509058356285095,0.389057993888855,-0.06365000456571579,0.34063875675201416,0.42774903774261475,-0.014646833762526512,A
0.48014527559280396,0.6853295564651489,-1.0018479770224076e-06,0.598461925983429,0.586552083492279,-0.04453354328870773,0.6535629034042358,0.4535921812057495,-0.053058166056871414,0.6696029901504517,0.3364976942539215,-0.06188958138227463,0.6808117628097534,0.24830099940299988,-0.0576426163315773,0.5947181582450867,0.3709527254104614,0.007480252999812365,0.573912501335144,0.270011305809021,-0.06697042286396027,0.5602333545684814,0.3638817369937897,-0.09944898635149002,0.5602927207946777,0.42016592621803284,-0.10490047186613083,0.5117843151092529,0.38607993721961975,0.010688303038477898,0.4867566227912903,0.29578107595443726,-0.07527681440114975,0.49812978506088257,0.41836658120155334,-0.09095137566328049,0.5158280730247498,0.4606599509716034,-0.07623130083084106,0.43269646167755127,0.41012322902679443,-0.000505999312736094,0.4074631929397583,0.3507990539073944,-0.08903574198484421,0.4369601011276245,0.46646353602409363,-0.07392174750566483,0.4633536636829376,0.4987707734107971,-0.034752845764160156,0.354173481464386,0.43888556957244873,-0.014566448517143726,0.3403016924858093,0.3873142600059509,-0.060932260006666183,0.3708866238594055,0.46644657850265503,-0.04185739532113075,0.3937615752220154,0.49744096398353577,-0.010808293707668781,A
0.4517003893852234,0.784919023513794,5.374363354349043e-07,0.5414783954620361,0.7448480725288391,-0.039476290345191956,0.6057872176170349,0.6266511678695679,-0.04869167506694794,0.6042871475219727,0.5165829658508301,-0.053497061133384705,0.5491580963134766,0.4923239052295685,-0.05894804373383522,0.5554028153419495,0.4584536552429199,-0.02882569283246994,0.5617422461509705,0.31934142112731934,-0.050133202224969864,0.5573031306266785,0.22817246615886688,-0.07125382125377655,0.5502876043319702,0.15080881118774414,-0.08774439245462418,0.5024683475494385,0.4419446885585785,-0.027533169835805893,0.5043579936027527,0.28992804884910583,-0.04530585929751396,0.5023910403251648,0.18907609581947327,-0.06649231910705566,0.4979587197303772,0.10894253849983215,-0.08184981346130371,0.4532485604286194,0.45169797539711,-0.03034767508506775,0.44988012313842773,0.3107600212097168,-0.047726478427648544,0.452798068523407,0.21749064326286316,-0.06585843116044998,0.4528222382068634,0.14333367347717285,-0.07823436707258224,0.4009626805782318,0.48453980684280396,-0.037383511662483215,0.39868414402008057,0.37258458137512207,-0.05388094112277031,0.4036678671836853,0.2999735474586487,-0.062417011708021164,0.4069749116897583,0.23823444545269012,-0.06775110214948654,B
0.521659791469574,0.9264682531356812,1.4519532669510227e-06,0.6901906132698059,0.8383464813232422,-0.1250535100698471,0.7575560808181763,0.6831591129302979,-0.16886834800243378,0.6148824691772461,0.5696220397949219,-0.19663439691066742,0.4645068049430847,0.5030266642570496,-0.22178608179092407,0.7105579376220703,0.4887009263038635,-0.08704909682273865,0.6926013827323914,0.30996739864349365,-0.15422497689723969,0.6599714159965515,0.2016497552394867,-0.2131883203983307,0.6177180409431458,0.11113104224205017,-0.2560892403125763,0.5590051412582397,0.4857397675514221,-0.07676724344491959,0.5281315445899963,0.29054540395736694,-0.13640804588794708,0.4906107783317566,0.1698453426361084,-0.19565792381763458,0.45030951499938965,0.07164567708969116,-0.235366553068161,0.4291447103023529,0.5180945992469788,-0.08143630623817444,0.391737163066864,0.33893853425979614,-0.14383234083652496,0.3740977644920349,0.2269044816493988,-0.1959189921617508,0.3517194092273712,0.13139203190803528,-0.2276766449213028,0.30332303047180176,0.580241322517395,-0.09722521901130676,0.28318214416503906,0.44003939628601074,-0.15894785523414612,0.2783440947532654,0.3487337827682495,-0.18864567577838898,0.27494433522224426,0.2613939046859741,-0.20417699217796326,B
0.4979154169559479,0.7850898504257202,5.936287266194995e-07,0.5846911072731018,0.7019559144973755,-0.057554129511117935,0.609968364238739,0.5728509426116943,-0.07168954610824585,0.5556732416152954,0.4653588533401489,-0.08050179481506348,0.4697500467300415,0.4374353885650635,-0.08770374208688736,0.5822498798370361,0.46202170848846436,-0.014674556441605091,0.574410080909729,0.3333199620246887,-0.038268156349658966,0.5566443800926208,0.2546093761920929,-0.06625983864068985,0.5391209125518799,0.18440939486026764,-0.08919516205787659,0.5155460834503174,0.45743510127067566,-0.009570357389748096,0.5036379098892212,0.311612606048584,-0.029182936996221542,0.48919376730918884,0.21273508667945862,-0.05810093134641647,0.4767749309539795,0.13337910175323486,-0.08090171962976456,0.4559784233570099,0.47997039556503296,-0.01319777313619852,0.43916210532188416,0.34826722741127014,-0.037710074335336685,0.4295886158943176,0.2561725974082947,-0.06644769012928009,0.41930249333381653,0.18635572493076324,-0.08651252835988998,0.3962864279747009,0.5210943818092346,-0.023021914064884186,0.381553053855896,0.421758234500885,-0.04719718173146248,0.37378713488578796,0.3500297963619232,-0.06272579729557037,0.36648231744766235,0.28973543643951416,-0.07446301728487015,B
0.4322822093963623,0.803093433380127,6.01871704475343e-07,0.5007219314575195,0.7523655891418457,-0.04214759171009064,0.5304551124572754,0.6091709136962891,-0.05057313293218613,0.4823342263698578,0.5026934146881104,-0.05334601551294327,0.41150549054145813,0.48440152406692505,-0.05541475489735603,0.5277337431907654,0.48805487155914307,-0.019013985991477966,0.5367748737335205,0.34896087646484375,-0.0344785712659359,0.5373671054840088,0.25991660356521606,-0.0517839640378952,0.5345250368118286,0.1826692819595337,-0.06619555503129959,0.4777028262615204,0.47081586718559265,-0.014734398573637009,0.48872509598731995,0.3261868953704834,-0.026796022430062294,0.49478816986083984,0.22609713673591614,-0.04469422250986099,0.49705520272254944,0.14542827010154724,-0.058420658111572266,0.43227913975715637,0.4807206690311432,-0.016228696331381798,0.4395597279071808,0.34277600049972534,-0.03065817430615425,0.451506108045578,0.24970971047878265,-0.04938328638672829,0.45814821124076843,0.17468485236167908,-0.06249513104557991,0.38502049446105957,0.506346583366394,-0.022190706804394722,0.39299967885017395,0.3984077572822571,-0.03749179095029831,0.40680885314941406,0.32811808586120605,-0.04731050878763199,0.42023903131484985,0.26602286100387573,-0.05462086573243141,B
0.46841931343078613,0.6972330808639526,5.197508130549977e-07,0.5322269797325134,0.6327527761459351,-0.0373389758169651,0.5577682256698608,0.5190436244010925,-0.0443754643201828,0.5308342576026917,0.42905789613723755,-0.047030258923769,0.499050110578537,0.36601522564888,-0.048398397862911224,0.526642918586731,0.4109666347503662,-0.01702387072145939,0.526128351688385,0.28895729780197144,-0.0338006466627121,0.5194157958030701,0.21357370913028717,-0.05064547061920166,0.5095680952072144,0.14564940333366394,-0.06336883455514908,0.48223379254341125,0.4050191342830658,-0.01164429634809494,0.48133742809295654,0.2741934657096863,-0.025112472474575043,0.4764217436313629,0.18514926731586456,-0.042388755828142166,0.47037437558174133,0.11035317182540894,-0.05504566431045532,0.4430261254310608,0.4230859577655792,-0.011403141543269157,0.43668508529663086,0.3031388521194458,-0.02640223689377308,0.43711429834365845,0.22577711939811707,-0.04217778146266937,0.43598994612693787,0.16271838545799255,-0.052653633058071136,0.4040215015411377,0.459493488073349,-0.014960435219109058,0.40178483724594116,0.3668210208415985,-0.030463341623544693,0.40342947840690613,0.303389310836792,-0.03941047936677933,0.40554675459861755,0.2453690469264984,-0.04496533423662186,B
0.47723206877708435,0.8320779204368591,4.837099254473287e-07,0.547250509262085,0.7808526754379272,-0.032668620347976685,0.5941359400749207,0.6538722515106201,-0.04083583876490593,0.5880900621414185,0.5472402572631836,-0.045691847801208496,0.5392858982086182,0.5434099435806274,-0.05131668597459793,0.54653400182724,0.48572486639022827,-0.022202065214514732,0.5509214997291565,0.34381103515625,-0.03898530825972557,0.5479230880737305,0.25366106629371643,-0.056762270629405975,0.5421954393386841,0.17461013793945312,-0.0709906667470932,0.5032767057418823,0.47682884335517883,-0.02234959602355957,0.5087020993232727,0.3235652446746826,-0.03625008836388588,0.5083061456680298,0.21792781352996826,-0.0541885606944561,0.5038517713546753,0.1297163963317871,-0.06769087165594101,0.46321702003479004,0.4955073595046997,-0.02616032585501671,0.4639092981815338,0.3499644994735718,-0.0405360609292984,0.4682924151420593,0.2548828721046448,-0.056696951389312744,0.46884942054748535,0.17851737141609192,-0.06800102442502975,0.4200849235057831,0.5364969968795776,-0.03352554142475128,0.42112600803375244,0.41892680525779724,-0.04687497764825821,0.427490234375,0.3435375988483429,-0.05406089499592781,0.43325841426849365,0.2790434956550598,-0.05924898758530617,B
0.4559309482574463,0.7331371307373047,7.278728162418702e-07,0.5411391854286194,0.6773732900619507,-0.04636406525969505,0.585929274559021,0.547947108745575,-0.05996715649962425,0.5521609783172607,0.4491271376609802,-0.06922099739313126,0.4744856655597687,0.4149986803531647,-0.07838182151317596,0.5443229079246521,0.40031489729881287,-0.03638983890414238,0.5486916899681091,0.26353251934051514,-0.0686618760228157,0.5453147888183594,0.17727194726467133,-0.09682014584541321,0.5370375514030457,0.10442394018173218,-0.11732424050569534,0.4816282391548157,0.3935343027114868,-0.039811234921216965,0.480805367231369,0.24292023479938507,-0.06750274449586868,0.4781559705734253,0.14438548684120178,-0.0934835746884346,0.4722766578197479,0.06304019689559937,-0.11122313141822815,0.4256790578365326,0.415926992893219,-0.04938195273280144,0.41742873191833496,0.277149498462677,-0.07730702310800552,0.41766971349716187,0.18691904842853546,-0.09918566048145294,0.4147448241710663,0.11280849575996399,-0.11292921751737595,0.3686147630214691,0.45962199568748474,-0.06397014111280441,0.36712154746055603,0.349725604057312,-0.09193650633096695,0.3689020872116089,0.2758224606513977,-0.10455530136823654,0.3695390820503235,0.20891684293746948,-0.11142197996377945,B
0.41379430890083313,0.8182612657546997,1.4586184988729656e-06,0.5682123899459839,0.7514214515686035,-0.12001927196979523,0.6446747779846191,0.6316317915916443,-0.17224061489105225,0.5500699877738953,0.5410503149032593,-0.21030493080615997,0.4075857996940613,0.501375138759613,-0.2482294887304306,0.5796023607254028,0.45111751556396484,-0.10858345031738281,0.5750101804733276,0.2926928997039795,-0.18075154721736908,0.5575796961784363,0.1922653615474701,-0.24123156070709229,0.5371915102005005,0.10833853483200073,-0.28416499495506287,0.4466645419597626,0.43927496671676636,-0.10231364518404007,0.44578710198402405,0.26104235649108887,-0.16306160390377045,0.4341000020503998,0.14115619659423828,-0.22234515845775604,0.4229145050048828,0.04352638125419617,-0.2641879618167877,0.3284299671649933,0.4619184732437134,-0.10928131639957428,0.32249486446380615,0.2950364351272583,-0.1677524298429489,0.32434967160224915,0.18504126369953156,-0.2236696183681488,0.32427409291267395,0.09347477555274963,-0.26157087087631226,0.21521200239658356,0.511229395866394,-0.12720389664173126,0.21184295415878296,0.3863007128238678,-0.17841339111328125,0.22108373045921326,0.30428943037986755,-0.20741160213947296,0.23297914862632751,0.22847285866737366,-0.22777092456817627,B
0.5062357783317566,0.7291291952133179,1.333177010565123e-06,0.6590144634246826,0.6807137727737427,-0.10164327174425125,0.7325903177261353,0.5760194659233093,-0.13256967067718506,0.6493380069732666,0.5017480254173279,-0.1514851450920105,0.5306761860847473,0.48147138953208923,-0.1696363240480423,0.6700469255447388,0.4340900778770447,-0.06346232444047928,0.6727296113967896,0.31272783875465393,-0.11245763301849365,0.6647129654884338,0.2365463823080063,-0.1583765745162964,0.6504953503608704,0.17351117730140686,-0.19139321148395538,0.5655918717384338,0.4233132600784302,-0.05158304050564766,0.5729062557220459,0.28775134682655334,-0.09392472356557846,0.5707697868347168,0.19727376103401184,-0.1432623416185379,0.5673506855964661,0.1259004771709442,-0.17782790958881378,0.47201967239379883,0.4370990991592407,-0.05283677950501442,0.4693809151649475,0.3112776279449463,-0.09589467942714691,0.47497275471687317,0.22846578061580658,-0.1474386304616928,0.47994476556777954,0.16283100843429565,-0.180969700217247,0.37965619564056396,0.46923816204071045,-0.06384257227182388,0.37512868642807007,0.36971843242645264,-0.10114720463752747,0.3808853030204773,0.30425867438316345,-0.12893517315387726,0.3896650969982147,0.2448836714029312,-0.148429274559021,B
0.4415910243988037,0.8386127948760986,2.076148575724801e-06,0.6017008423805237,0.7750229239463806,-0.16068974137306213,0.6820890307426453,0.6365181803703308,-0.2022181898355484,0.6032446622848511,0.5278951525688171,-0.22166600823402405,0.45827990770339966,0.5115032196044922,-0.2370849996805191,0.6651776432991028,0.4939453899860382,-0.05295052379369736,0.6918001174926758,0.34676501154899597,-0.07998664677143097,0.6980459094047546,0.25141268968582153,-0.12316912412643433,0.6949002146720886,0.16871264576911926,-0.1600034236907959,0.5532301664352417,0.4790118336677551,-0.013786672614514828,0.5882183909416199,0.3184208869934082,-0.030968865379691124,0.6079105734825134,0.2030504047870636,-0.08272401243448257,0.6173635721206665,0.1114373505115509,-0.12426820397377014,0.4484550356864929,0.4916028678417206,0.003623098134994507,0.4776706397533417,0.3407372236251831,-0.026051893830299377,0.4998377561569214,0.23760274052619934,-0.09202280640602112,0.513014554977417,0.15513581037521362,-0.139021635055542,0.3418835401535034,0.5179365277290344,0.004341114778071642,0.36314481496810913,0.40033775568008423,-0.02587634138762951,0.38309794664382935,0.32194989919662476,-0.06319959461688995,0.4037240147590637,0.2528703212738037,-0.0948733240365982,B
0.37368518114089966,0.8050873279571533,8.447677259937336e-07,0.5039753317832947,0.7384148240089417,-0.02471311017870903,0.6083325147628784,0.642245888710022,-0.04902941361069679,0.6993018388748169,0.5869370698928833,-0.08172965794801712,0.7663565874099731,0.5207575559616089,-0.11695001274347305,0.47410035133361816,0.4491405487060547,0.00013555376790463924,0.5219766497612,0.32522180676460266,-0.052246686071157455,0.5910269618034363,0.2868291735649109,-0.10246343165636063,0.6633623838424683,0.27779442071914673,-0.1357191801071167,0.42724525928497314,0.4487224519252777,-0.025994407013058662,0.47893595695495605,0.3045194745063782,-0.08264049887657166,0.5658743381500244,0.26593923568725586,-0.1413259506225586,0.6512833833694458,0.27189069986343384,-0.17935329675674438,0.37583059072494507,0.4694571793079376,-0.05990564823150635,0.41779518127441406,0.3229866623878479,-0.11212336272001266,0.5066037178039551,0.2793468236923218,-0.15780781209468842,0.5916430354118347,0.2764614224433899,-0.18532681465148926,0.3240913152694702,0.5104374885559082,-0.09706370532512665,0.35016822814941406,0.39020368456840515,-0.1418491005897522,0.4135473072528839,0.3280119001865387,-0.17125417292118073,0.4858366847038269,0.2964676022529602,-0.19013723731040955,C
0.3777255117893219,0.622430682182312,6.559915846082731e-07,0.5641403794288635,0.5971779227256775,0.19081708788871765,0.667190670967102,0.5343910455703735,0.26279139518737793,0.7637551426887512,0.5063459873199463,0.2844146192073822,0.8551212549209595,0.4676448106765747,0.30034300684928894,0.5155388712882996,0.30098676681518555,0.2569967210292816,0.6543795466423035,0.19582301378250122,0.293288916349411,0.7827520370483398,0.18879306316375732,0.30174314975738525,0.8729101419448853,0.216413676738739,0.3063177466392517,0.48835062980651855,0.28659623861312866,0.14068841934204102,0.6617133021354675,0.15178915858268738,0.16024629771709442,0.8137499094009399,0.16540440917015076,0.15580107271671295,0.9004251956939697,0.2228226512670517,0.1591070145368576,0.48861104249954224,0.291286438703537,0.030048882588744164,0.6510134935379028,0.14722320437431335,0.04981619119644165,0.8023982644081116,0.15348608791828156,0.0682186409831047,0.8896623253822327,0.2004176676273346,0.08360990881919861,0.53304523229599,0.3175145089626312,-0.06950825452804565,0.6609384417533875,0.18493376672267914,-0.05360245704650879,0.7728594541549683,0.166578009724617,-0.031042495742440224,0.8495087623596191,0.18536271154880524,-0.01142607070505619,C
0.44245201349258423,0.6066296100616455,5.695885079148866e-07,0.5417026877403259,0.5303732752799988,0.03063209354877472,0.6060464978218079,0.458512544631958,0.026751795783638954,0.6591448783874512,0.4079209268093109,0.005014630500227213,0.6954996585845947,0.34783950448036194,-0.01775478571653366,0.46060073375701904,0.3372202515602112,0.06081278622150421,0.4819016456604004,0.23124489188194275,0.04334908351302147,0.5431271195411682,0.18940681219100952,0.019492413848638535,0.6001080870628357,0.17464140057563782,0.0032586909364908934,0.4348311126232147,0.33844128251075745,0.019775347784161568,0.4530249238014221,0.20442765951156616,-0.0034736189991235733,0.5314645171165466,0.16284337639808655,-0.033457424491643906,0.6003044247627258,0.16771811246871948,-0.05102818086743355,0.41801851987838745,0.3522987961769104,-0.023416901007294655,0.4357103109359741,0.22417877614498138,-0.04126688838005066,0.516548752784729,0.18155458569526672,-0.056651823222637177,0.5866628885269165,0.183492511510849,-0.06477706134319305,0.42964237928390503,0.3791031539440155,-0.06607259809970856,0.4597395956516266,0.2744649052619934,-0.07744079828262329,0.5177977085113525,0.23215876519680023,-0.07996048778295517,0.5721798539161682,0.22083622217178345,-0.079817034304142,C
0.3167150616645813,0.6865812540054321,1.853710614341253e-06,0.4569687843322754,0.6849485635757446,-0.18097293376922607,0.5881275534629822,0.6118311285972595,-0.265021950006485,0.7198131084442139,0.528435230255127,-0.3019999563694,0.836341381072998,0.46001768112182617,-0.32360899448394775,0.3891889452934265,0.4265318810939789,-0.26445499062538147,0.5486816167831421,0.2735316753387451,-0.3081519901752472,0.6817617416381836,0.2664516270160675,-0.301930695772171,0.7648152709007263,0.29224273562431335,-0.28548672795295715,0.33208605647087097,0.38613811135292053,-0.17301450669765472,0.5135325789451599,0.21674153208732605,-0.22911956906318665,0.6579396724700928,0.2322254329919815,-0.22959569096565247,0.7433656454086304,0.28080153465270996,-0.21601244807243347,0.3225266933441162,0.3706080913543701,-0.08284015953540802,0.48613986372947693,0.24447347223758698,-0.1254643350839615,0.6147015690803528,0.2573174834251404,-0.1354312002658844,0.6926302313804626,0.2955198287963867,-0.1324024796485901,0.33589687943458557,0.3742579519748688,-0.0034423049073666334,0.46611088514328003,0.29001110792160034,-0.04024304822087288,0.5663097500801086,0.2931143641471863,-0.058052003383636475,0.6398163437843323,0.31342995166778564,-0.060725659132003784,C
0.4761815369129181,0.58877032995224,6.248174599932099e-07,0.5741168260574341,0.5206645727157593,0.02625969983637333,0.6385341286659241,0.45643532276153564,0.021358028054237366,0.6864008903503418,0.40917325019836426,-0.0006349461036734283,0.7206706404685974,0.35006460547447205,-0.022449953481554985,0.5008698105812073,0.3341730535030365,0.06385964155197144,0.5161651968955994,0.23493549227714539,0.04813910648226738,0.5755654573440552,0.19883368909358978,0.02532186545431614,0.6308678388595581,0.18645434081554413,0.009761094115674496,0.47402656078338623,0.33414801955223083,0.02558831498026848,0.4794272482395172,0.21487277746200562,0.00508766807615757,0.5574290156364441,0.1772867888212204,-0.02075198106467724,0.628255307674408,0.18182536959648132,-0.03531194478273392,0.45558619499206543,0.3453157842159271,-0.0160127654671669,0.4681856036186218,0.22777527570724487,-0.03138883784413338,0.5468180179595947,0.1906123012304306,-0.04128701612353325,0.6135700941085815,0.18836113810539246,-0.04562901705503464,0.46240994334220886,0.36895281076431274,-0.05807649716734886,0.4930473566055298,0.2761326730251312,-0.06789317727088928,0.5473431944847107,0.2362717092037201,-0.06736268848180771,0.5958256125450134,0.21995601058006287,-0.06458361446857452,C
0.22296679019927979,0.5473361015319824,3.0722242172487313e-07,0.4579407572746277,0.5112166404724121,0.13661406934261322,0.598304033279419,0.4623469114303589,0.15595796704292297,0.6986687183380127,0.4553305506706238,0.13292112946510315,0.8277863264083862,0.4443106949329376,0.09764319658279419,0.5040075182914734,0.3007011413574219,0.04481766000390053,0.6229645609855652,0.19691218435764313,-0.028426047414541245,0.7446725964546204,0.18259316682815552,-0.07606970518827438,0.8442635536193848,0.20558464527130127,-0.11051096767187119,0.4636409878730774,0.3146945834159851,-0.09555742889642715,0.6012018918991089,0.18243896961212158,-0.20067743957042694,0.7490180134773254,0.18053874373435974,-0.2590033710002899,0.8578699827194214,0.2120053768157959,-0.29132285714149475,0.4298863708972931,0.3465542197227478,-0.23241956532001495,0.5574080944061279,0.22829899191856384,-0.3337589204311371,0.7036887407302856,0.2152595818042755,-0.37858515977859497,0.8120744228363037,0.22475820779800415,-0.4012368619441986,0.4146963953971863,0.3933769166469574,-0.35741931200027466,0.528965413570404,0.3115079700946808,-0.46046778559684753,0.6370002627372742,0.2683340907096863,-0.5167009234428406,0.719823956489563,0.2443387657403946,-0.5532533526420593,C
0.12805068492889404,0.7721587419509888,5.436936021396832e-07,0.233880877494812,0.7866342067718506,-0.11917741596698761,0.34560588002204895,0.747374415397644,-0.15286153554916382,0.4567073583602905,0.7810214757919312,-0.15657223761081696,0.5365667343139648,0.7959396839141846,-0.14745593070983887,0.26779329776763916,0.40504196286201477,-0.09813741594552994,0.37871089577674866,0.2782670259475708,-0.11440599709749222,0.46752122044563293,0.24335959553718567,-0.12081733345985413,0.5335440635681152,0.23980793356895447,-0.12053464353084564,0.24643799662590027,0.3993540108203888,-0.02955090068280697,0.36958134174346924,0.48461198806762695,-0.04045415297150612,0.34761908650398254,0.5868660807609558,-0.035462405532598495,0.315697580575943,0.6034175157546997,-0.026545241475105286,0.23345378041267395,0.4216180443763733,0.030013637617230415,0.3413419723510742,0.4840754270553589,0.0051329960115253925,0.32099491357803345,0.5833196640014648,-0.0017601861618459225,0.29378190636634827,0.591926634311676,0.0029326793737709522,0.22764138877391815,0.44744187593460083,0.08252610266208649,0.3028741776943207,0.48413312435150146,0.059625860303640366,0.3036421537399292,0.5546666383743286,0.053930770605802536,0.28220802545547485,0.5812094211578369,0.06013546884059906,C
0.25776442885398865,0.6694145202636719,4.1977898490586085e-07,0.3254660367965698,0.6278831958770752,-0.002327744150534272,0.38867294788360596,0.5683079957962036,-0.016615163534879684,0.44716542959213257,0.5469719171524048,-0.03768596053123474,0.49680668115615845,0.5250545144081116,-0.05895421653985977,0.31913962960243225,0.3852694630622864,0.0028644679114222527,0.3402867913246155,0.27358418703079224,-0.019219808280467987,0.37754425406455994,0.2352834939956665,-0.03937868773937225,0.4153235852718353,0.22129830718040466,-0.052916236221790314,0.29890570044517517,0.38254839181900024,-0.016039377078413963,0.3225814402103424,0.2519727945327759,-0.0369325615465641,0.37156355381011963,0.2147139608860016,-0.056163351982831955,0.4179692268371582,0.2152177393436432,-0.06916134059429169,0.28101614117622375,0.3968248665332794,-0.03793996572494507,0.31161370873451233,0.26621347665786743,-0.05605696886777878,0.3632667660713196,0.2298109233379364,-0.0697333887219429,0.4102405905723572,0.22580109536647797,-0.0785670205950737,0.2703900933265686,0.42709243297576904,-0.0611959844827652,0.30537959933280945,0.3310910165309906,-0.0753091499209404,0.34054264426231384,0.2820597290992737,-0.08270764350891113,0.37300968170166016,0.25486844778060913,-0.08752380311489105,C
0.318416953086853,0.5739696025848389,2.3082503730620374e-07,0.47165927290916443,0.5270738005638123,0.023963231593370438,0.5867137312889099,0.47127920389175415,0.006717996206134558,0.674893856048584,0.4363953471183777,-0.032876141369342804,0.7405799627304077,0.38460466265678406,-0.07155626267194748,0.48073020577430725,0.3330473303794861,0.04500029236078262,0.5718204975128174,0.23694559931755066,-0.01242520846426487,0.6743834018707275,0.26509279012680054,-0.06669943779706955,0.732033371925354,0.3096420466899872,-0.09697606414556503,0.4330824613571167,0.32563260197639465,-0.005724459886550903,0.5436397194862366,0.21043464541435242,-0.06150311231613159,0.6674171090126038,0.24641749262809753,-0.11640467494726181,0.7241562008857727,0.30061575770378113,-0.14800110459327698,0.3882545232772827,0.328369140625,-0.06097806990146637,0.5025075674057007,0.22333358228206635,-0.10891927778720856,0.6315748691558838,0.25810784101486206,-0.13962529599666595,0.6921383142471313,0.31129226088523865,-0.15316911041736603,0.357038289308548,0.3453475832939148,-0.11573563516139984,0.4759485125541687,0.27637001872062683,-0.15354284644126892,0.5870144963264465,0.2879599928855896,-0.16769100725650787,0.6521651148796082,0.317619264125824,-0.17257674038410187,C
0.4599308967590332,0.7567084431648254,6.742983487129095e-07,0.5295471549034119,0.6889541149139404,-0.01202000305056572,0.585947573184967,0.5848606824874878,-0.032395634800195694,0.6395502090454102,0.5143216252326965,-0.0573609434068203,0.6570229530334473,0.432637095451355,-0.08106134086847305,0.4603307247161865,0.4083503186702728,-0.026946209371089935,0.4749777019023895,0.24254077672958374,-0.051128655672073364,0.48368939757347107,0.14280158281326294,-0.0683707743883133,0.48395493626594543,0.06087633967399597,-0.08314968645572662,0.42752739787101746,0.4152412712574005,-0.04577504098415375,0.5162385106086731,0.28797897696495056,-0.09094454348087311,0.6014975905418396,0.31823819875717163,-0.11360986530780792,0.6486373543739319,0.372280478477478,-0.12191841751337051,0.41345155239105225,0.4430590271949768,-0.06505746394395828,0.5144213438034058,0.33672139048576355,-0.10387750715017319,0.5987535715103149,0.36881494522094727,-0.1099565178155899,0.6460589170455933,0.41387394070625305,-0.10736678540706635,0.4190751314163208,0.48765861988067627,-0.08577979356050491,0.4942660629749298,0.4021957814693451,-0.11548587679862976,0.5580173134803772,0.3945695757865906,-0.11957624554634094,0.6013469696044922,0.4067365825176239,-0.1175646036863327,D
0.6953704357147217,0.730026125907898,7.613612069690134e-07,0.6422475576400757,0.730363130569458,-0.24821989238262177,0.510404646396637,0.7138819098472595,-0.3226129710674286,0.3460851311683655,0.7102762460708618,-0.33825424313545227,0.18535038828849792,0.6964594125747681,-0.34230923652648926,0.5188257098197937,0.5044047236442566,-0.23799024522304535,0.4835466146469116,0.3811158537864685,-0.3136124610900879,0.445698082447052,0.28827351331710815,-0.3746162950992584,0.4087870121002197,0.21358618140220642,-0.41755160689353943,0.47040414810180664,0.5232072472572327,-0.12515775859355927,0.29612427949905396,0.5069714188575745,-0.2094079703092575,0.22635631263256073,0.5758051872253418,-0.2781568765640259,0.2254895716905594,0.6414791345596313,-0.31859877705574036,0.42315196990966797,0.5578352808952332,-0.030016759410500526,0.26217713952064514,0.5379040837287903,-0.1345015913248062,0.2249586433172226,0.605360746383667,-0.21510061621665955,0.22618086636066437,0.6555517911911011,-0.252042680978775,0.39559388160705566,0.5837681889533997,0.051371458917856216,0.2794743478298187,0.5807427167892456,-0.060211095958948135,0.24426373839378357,0.6275326609611511,-0.1354304552078247,0.24268031120300293,0.6714521646499634,-0.17295725643634796,D
0.43831413984298706,0.8301366567611694,5.8961290960724e-07,0.5276301503181458,0.7294391989707947,0.010227295570075512,0.5902951955795288,0.6204432845115662,-0.006709464360028505,0.6488614082336426,0.5418672561645508,-0.03610220178961754,0.6624017953872681,0.4629991948604584,-0.0658257007598877,0.44093284010887146,0.4362443685531616,0.0038856281898915768,0.47178176045417786,0.2653275430202484,-0.02187211997807026,0.482502281665802,0.15557599067687988,-0.045847147703170776,0.4842292368412018,0.06815573573112488,-0.06616373360157013,0.4155048131942749,0.44392210245132446,-0.03014606051146984,0.5286892056465149,0.30043789744377136,-0.0819019079208374,0.6148917078971863,0.3348805606365204,-0.11379426717758179,0.6586742997169495,0.4071927070617676,-0.12623079121112823,0.4091113805770874,0.470691055059433,-0.06320498138666153,0.5116733312606812,0.34013456106185913,-0.10390464961528778,0.6002896428108215,0.37475696206092834,-0.11359399557113647,0.6474789381027222,0.4374992549419403,-0.11191044747829437,0.42443355917930603,0.5132828950881958,-0.0961231142282486,0.503158688545227,0.41039109230041504,-0.11920992285013199,0.5718622207641602,0.4137791097164154,-0.11763133853673935,0.616089403629303,0.44701629877090454,-0.11203105747699738,D
0.46670588850975037,0.8186197876930237,1.8545454167906428e-06,0.5608140230178833,0.7641628980636597,-0.27869585156440735,0.6617995500564575,0.6672385931015015,-0.34112098813056946,0.781220555305481,0.5813625454902649,-0.33755576610565186,0.8484556674957275,0.48444870114326477,-0.31244197487831116,0.4024342894554138,0.5055236220359802,-0.19383369386196136,0.4572523534297943,0.3571773171424866,-0.2176101803779602,0.48663216829299927,0.2619834840297699,-0.2524804472923279,0.49595093727111816,0.18828976154327393,-0.2810654044151306,0.4371136426925659,0.5162709951400757,-0.05140993371605873,0.543748676776886,0.37900954484939575,-0.09942986816167831,0.6928493976593018,0.39936789870262146,-0.16271032392978668,0.7827460169792175,0.4617682993412018,-0.1963541954755783,0.48582345247268677,0.5264780521392822,0.07148925215005875,0.5924454927444458,0.41049638390541077,0.018739823251962662,0.7216532230377197,0.4385324716567993,-0.060314953327178955,0.7833252549171448,0.48382332921028137,-0.10174982994794846,0.5303962826728821,0.5365939736366272,0.17396579682826996,0.6352167725563049,0.4648539423942566,0.12186750024557114,0.7320333123207092,0.46931710839271545,0.053633879870176315,0.7765841484069824,0.4983566403388977,0.011857764795422554,D
0.5242462754249573,0.7602021098136902,2.2755463646717544e-07,0.5839495658874512,0.6762420535087585,-0.05214326083660126,0.6100568175315857,0.5745443105697632,-0.0717817172408104,0.5698853135108948,0.5010859966278076,-0.08733534812927246,0.5061933398246765,0.4708523750305176,-0.1026996597647667,0.555446982383728,0.43111640214920044,-0.031294357031583786,0.5566182136535645,0.2840026021003723,-0.05139570310711861,0.5520399212837219,0.19846828281879425,-0.06959691643714905,0.5435097217559814,0.12816882133483887,-0.08505543321371078,0.5011326670646667,0.43959730863571167,-0.024277884513139725,0.4757763147354126,0.31216293573379517,-0.059327129274606705,0.4803985357284546,0.3697626292705536,-0.0836450606584549,0.49287930130958557,0.43046241998672485,-0.09286986291408539,0.45502978563308716,0.46976611018180847,-0.021914970129728317,0.42726144194602966,0.3610745370388031,-0.05525093525648117,0.43737873435020447,0.3991655111312866,-0.07327239960432053,0.4540095329284668,0.45903313159942627,-0.07744742184877396,0.4156190752983093,0.5221567153930664,-0.02379579097032547,0.3882123827934265,0.42901378870010376,-0.047901395708322525,0.40123483538627625,0.42876628041267395,-0.05695616453886032,0.4238094985485077,0.46898210048675537,-0.058744851499795914,D
0.411489337682724,0.7959738969802856,5.537050924431242e-07,0.546230673789978,0.6912275552749634,0.02879948355257511,0.6235265731811523,0.5865915417671204,0.015802837908267975,0.6949526071548462,0.5239081978797913,-0.018199384212493896,0.7532590627670288,0.454937219619751,-0.05427493527531624,0.42836445569992065,0.42316922545433044,0.02091805636882782,0.4786857068538666,0.27273687720298767,-0.009914119727909565,0.490998238325119,0.17416098713874817,-0.03591955080628395,0.4886431097984314,0.09286516904830933,-0.059605151414871216,0.3793557584285736,0.43094033002853394,-0.032469287514686584,0.5414304733276367,0.3128029704093933,-0.09223492443561554,0.6715438365936279,0.3429878354072571,-0.12465523928403854,0.740166425704956,0.39950063824653625,-0.13775214552879333,0.3651960492134094,0.45927584171295166,-0.08488694578409195,0.5258978009223938,0.34565556049346924,-0.13769762217998505,0.6479884386062622,0.3860805630683899,-0.14012230932712555,0.7089029550552368,0.4436805844306946,-0.13186535239219666,0.38322773575782776,0.49927961826324463,-0.13655950129032135,0.503702700138092,0.4010225236415863,-0.17088255286216736,0.5970621109008789,0.41528236865997314,-0.1632099449634552,0.6524316072463989,0.4538731873035431,-0.150697261095047,D
0.4918631315231323,0.6829651594161987,1.0219317658766158e-07,0.5815149545669556,0.6287524700164795,-0.05071014165878296,0.6208617687225342,0.5404319167137146,-0.07036850601434708,0.5539930462837219,0.47453737258911133,-0.09043379127979279,0.45480573177337646,0.46551719307899475,-0.10914059728384018,0.6116237044334412,0.4407272934913635,-0.011365027166903019,0.6274702548980713,0.3361101746559143,-0.033431585878133774,0.635267972946167,0.2775256335735321,-0.05389151722192764,0.6335761547088623,0.22479493916034698,-0.07414428144693375,0.5227078795433044,0.44024860858917236,-0.013930563814938068,0.5171062350273132,0.36770525574684143,-0.06771428138017654,0.5247848629951477,0.43239304423332214,-0.0944715291261673,0.5244065523147583,0.47561460733413696,-0.09905392676591873,0.44661402702331543,0.4555593430995941,-0.02096393145620823,0.43310829997062683,0.38920509815216064,-0.07286716997623444,0.45730966329574585,0.443761944770813,-0.07382138073444366,0.4606235921382904,0.4916266202926636,-0.05948934704065323,0.37679415941238403,0.4845200181007385,-0.03279715031385422,0.3629007637500763,0.42067351937294006,-0.06692221760749817,0.3951321542263031,0.4467847943305969,-0.05736732855439186,0.41203808784484863,0.486824095249176,-0.04077769070863724,D
0.4513256549835205,0.7316256761550903,8.352121199095563e-07,0.5290448069572449,0.7010879516601562,-0.11070019006729126,0.5753986239433289,0.6232372522354126,-0.16736635565757751,0.5730589628219604,0.5501172542572021,-0.218812495470047,0.5436396598815918,0.46642351150512695,-0.2690521478652954,0.604648768901825,0.4579320549964905,-0.06600501388311386,0.6391656994819641,0.29902172088623047,-0.11233760416507721,0.6558746099472046,0.19364982843399048,-0.15944360196590424,0.6642288565635681,0.11495760083198547,-0.19890806078910828,0.536236047744751,0.4552406966686249,-0.052067581564188004,0.5654762983322144,0.3337896466255188,-0.14912649989128113,0.5598279237747192,0.37775862216949463,-0.22570402920246124,0.5523898005485535,0.4391047954559326,-0.26440179347991943,0.4645512104034424,0.461376428604126,-0.04877056926488876,0.4905892312526703,0.33798906207084656,-0.1305186152458191,0.5011504292488098,0.3599053919315338,-0.19102923572063446,0.5012943148612976,0.42770886421203613,-0.2193998247385025,0.3964213728904724,0.47719675302505493,-0.05472206324338913,0.4150083363056183,0.38136163353919983,-0.11605609208345413,0.4340261220932007,0.38366788625717163,-0.15785786509513855,0.4449300169944763,0.42482125759124756,-0.18279221653938293,D
0.41343507170677185,0.6468794941902161,1.4422955985082808e-07,0.4960632622241974,0.6078293323516846,-0.0626867488026619,0.5393262505531311,0.543793797492981,-0.09400151669979095,0.5350772142410278,0.4908953607082367,-0.12380130589008331,0.4818043112754822,0.4458863139152527,-0.15358684957027435,0.5048686265945435,0.4125927686691284,-0.049162477254867554,0.5259169340133667,0.30533596873283386,-0.08061590045690536,0.5354869365692139,0.23878738284111023,-0.10592762380838394,0.5330747961997986,0.1847548633813858,-0.12617158889770508,0.4340789020061493,0.41541898250579834,-0.04620387405157089,0.4310777485370636,0.3321717083454132,-0.10280593484640121,0.4453791081905365,0.38805365562438965,-0.13448192179203033,0.4556553065776825,0.4359022378921509,-0.14471940696239471,0.36817243695259094,0.42962661385536194,-0.04847889393568039,0.36351636052131653,0.3489449620246887,-0.09591307491064072,0.3890969157218933,0.38593238592147827,-0.11353418231010437,0.4035418629646301,0.4352548122406006,-0.11533692479133606,0.30886900424957275,0.45420533418655396,-0.05645105615258217,0.289609432220459,0.38006043434143066,-0.0891142413020134,0.3168356120586395,0.38539642095565796,-0.09814474731683731,0.3443804085254669,0.41577470302581787,-0.09873764961957932,D
0.48953646421432495,0.6897153854370117,-2.5881234932967345e-07,0.5846976041793823,0.5796505808830261,-0.03847420588135719,0.6097201108932495,0.39181965589523315,-0.04635607451200485,0.5177082419395447,0.2739322781562805,-0.05507128685712814,0.4244835376739502,0.28235697746276855,-0.057328905910253525,0.5909027457237244,0.2929604947566986,0.012800493277609348,0.591836154460907,0.10918112099170685,-0.023562384769320488,0.5819673538208008,0.1502992808818817,-0.05575449764728546,0.5709414482116699,0.24882885813713074,-0.07010595500469208,0.5185508131980896,0.28382906317710876,0.016022536903619766,0.503129780292511,0.08893783390522003,-0.01944345235824585,0.5022959113121033,0.1341027468442917,-0.05122866481542587,0.5055567622184753,0.237625390291214,-0.06313040107488632,0.4547054171562195,0.29088738560676575,0.010387490503489971,0.4305627942085266,0.10881011188030243,-0.017710696905851364,0.4435476064682007,0.14145344495773315,-0.04023859277367592,0.4550992250442505,0.24042876064777374,-0.046357497572898865,0.38955867290496826,0.3109340965747833,0.0003955370048061013,0.37403446435928345,0.177710622549057,-0.015578917227685452,0.3924112915992737,0.1808365434408188,-0.024853147566318512,0.4122444689273834,0.24451914429664612,-0.027021989226341248,E
0.45123791694641113,0.6858521699905396,-6.565876446984475e-07,0.666030764579773,0.6546015739440918,-0.10028434544801712,0.7915786504745483,0.4675854444503784,-0.11991268396377563,0.6352261304855347,0.3364059329032898,-0.1362859010696411,0.42006129026412964,0.3435923159122467,-0.1396828293800354,0.7068223357200623,0.27847594022750854,-0.00956086628139019,0.7097175121307373,0.09180226922035217,-0.10546652227640152,0.6967220306396484,0.16156639158725739,-0.16933287680149078,0.6783493757247925,0.27027061581611633,-0.19226530194282532,0.5505722761154175,0.2625543475151062,0.002107739681378007,0.5411977171897888,0.06394940614700317,-0.09841594845056534,0.5340513586997986,0.17102088034152985,-0.15096993744373322,0.5397571921348572,0.2899625301361084,-0.1533179134130478,0.4128616452217102,0.2741411030292511,-0.006523953750729561,0.39262256026268005,0.0877021849155426,-0.10001049190759659,0.40414831042289734,0.18182098865509033,-0.12344320863485336,0.41648393869400024,0.29552146792411804,-0.10561049729585648,0.27055802941322327,0.30415621399879456,-0.024419309571385384,0.25115281343460083,0.17305919528007507,-0.08668011426925659,0.2827126979827881,0.21141931414604187,-0.09386955946683884,0.31322890520095825,0.2876458764076233,-0.07796501368284225,E
0.457096129655838,0.7285970449447632,-1.0922470039531618e-07,0.5503941774368286,0.6989392042160034,-0.04747685417532921,0.6180105209350586,0.5823538899421692,-0.06978967785835266,0.6087572574615479,0.4885527193546295,-0.09431932866573334,0.5184074640274048,0.4812825918197632,-0.11518273502588272,0.5419638156890869,0.4200575053691864,-0.022318610921502113,0.5401027798652649,0.2977941334247589,-0.07665795087814331,0.5729222893714905,0.34219852089881897,-0.11616401374340057,0.579498827457428,0.41702041029930115,-0.13201576471328735,0.4744967222213745,0.42297986149787903,-0.024651722982525826,0.4624212384223938,0.2878302037715912,-0.07331760972738266,0.503950834274292,0.3554953634738922,-0.09833741933107376,0.5189797878265381,0.42901307344436646,-0.10215149819850922,0.41332536935806274,0.4423125982284546,-0.03627165034413338,0.3944971561431885,0.31238365173339844,-0.07969092577695847,0.4446246325969696,0.36633527278900146,-0.0894712507724762,0.464051216840744,0.44301673769950867,-0.08309246599674225,0.3484176695346832,0.4737597703933716,-0.053468506783246994,0.3411688208580017,0.36989521980285645,-0.08797770738601685,0.384891152381897,0.392043799161911,-0.09368640184402466,0.40935444831848145,0.4481464624404907,-0.08857020735740662,E
0.47309446334838867,0.6084046363830566,-4.6296551658997487e-07,0.6170351505279541,0.5434508919715881,-0.04998330771923065,0.7048854827880859,0.4483192563056946,-0.07235611975193024,0.6000539660453796,0.3875005543231964,-0.0957750529050827,0.4648030698299408,0.40969914197921753,-0.11361824721097946,0.6007829308509827,0.3426157534122467,-0.01937764324247837,0.6218055486679077,0.2304529994726181,-0.07652938365936279,0.6435448527336121,0.27398645877838135,-0.12185823172330856,0.6258077025413513,0.3376341164112091,-0.14104309678077698,0.4986809492111206,0.33764946460723877,-0.02174524776637554,0.4991670548915863,0.21834683418273926,-0.0641954094171524,0.5404319763183594,0.27611789107322693,-0.09507319331169128,0.5431154370307922,0.3426241874694824,-0.10632918030023575,0.4096192717552185,0.34775426983833313,-0.03271680697798729,0.39558637142181396,0.23574036359786987,-0.060086075216531754,0.45110201835632324,0.28399306535720825,-0.07000593841075897,0.46053746342658997,0.34971997141838074,-0.06900160014629364,0.31464117765426636,0.3732164204120636,-0.04999907687306404,0.30423951148986816,0.28263065218925476,-0.06520436704158783,0.3610255718231201,0.3017386496067047,-0.05819615349173546,0.38864338397979736,0.3517381250858307,-0.04839904233813286,E
0.6703658103942871,0.976719856262207,-4.0081086893906104e-08,0.8088463544845581,0.8816831111907959,-0.08755744993686676,0.8443418741226196,0.6744365096092224,-0.11664281040430069,0.7875933647155762,0.5430498719215393,-0.14618197083473206,0.6643679141998291,0.5450568795204163,-0.17384059727191925,0.6178157329559326,0.5058979988098145,-0.019302595406770706,0.553436279296875,0.35747721791267395,-0.10084143280982971,0.5625218749046326,0.32524028420448303,-0.18101005256175995,0.5997607111930847,0.3853464722633362,-0.22274571657180786,0.519993007183075,0.5416018962860107,-0.013740523718297482,0.4195393919944763,0.3644523620605469,-0.09021345525979996,0.44572317600250244,0.3475686311721802,-0.17962895333766937,0.5057443976402283,0.4240795373916626,-0.2305312156677246,0.43825480341911316,0.5999696850776672,-0.02238956280052662,0.34155964851379395,0.43875616788864136,-0.09217549860477448,0.36278149485588074,0.426858514547348,-0.17075543105602264,0.4210076928138733,0.5114682912826538,-0.2120617926120758,0.35995057225227356,0.686249315738678,-0.03817341849207878,0.28289198875427246,0.554534912109375,-0.09758401662111282,0.3082810044288635,0.5396787524223328,-0.14376325905323029,0.3641422688961029,0.5983409881591797,-0.16886697709560394,E
0.4853305518627167,0.604381263256073,2.050872716097274e-08,0.572665810585022,0.5176188945770264,-0.03435361385345459,0.6144626140594482,0.3784768581390381,-0.04420600086450577,0.5512535572052002,0.29450538754463196,-0.05403374880552292,0.4693619906902313,0.31970781087875366,-0.06030938774347305,0.5850557684898376,0.299703449010849,0.0029965664725750685,0.6013876795768738,0.16843059659004211,-0.028937848284840584,0.5997921824455261,0.1692185252904892,-0.058516182005405426,0.5923551321029663,0.2283342480659485,-0.07271350175142288,0.5261087417602539,0.28462016582489014,0.0057663326151669025,0.5338967442512512,0.13805899024009705,-0.024750420823693275,0.5387631058692932,0.15238842368125916,-0.05716549605131149,0.536878764629364,0.2319721132516861,-0.07229989767074585,0.4717227518558502,0.28726062178611755,0.0021516121923923492,0.46257150173187256,0.13702495396137238,-0.022874828428030014,0.4800938069820404,0.14510276913642883,-0.04871191829442978,0.4905650317668915,0.22185729444026947,-0.05956318974494934,0.4157410264015198,0.3087199330329895,-0.004712637048214674,0.40589118003845215,0.20323999226093292,-0.02305609919130802,0.4278116822242737,0.1908380091190338,-0.03718114271759987,0.4490324854850769,0.2353096604347229,-0.043558359146118164,E
0.4409778416156769,0.7498462200164795,1.6952017745097692e-07,0.5295883417129517,0.7296363115310669,-0.05718080699443817,0.6052855849266052,0.6201022267341614,-0.079461008310318,0.6002398133277893,0.5178427696228027,-0.09967005997896194,0.539844810962677,0.47485801577568054,-0.11834865063428879,0.5649925470352173,0.43184158205986023,-0.023051636293530464,0.5762388706207275,0.29718756675720215,-0.07364816963672638,0.595507025718689,0.2938939929008484,-0.12106839567422867,0.5979588031768799,0.35643455386161804,-0.1449831873178482,0.504173219203949,0.41530656814575195,-0.017480775713920593,0.5094932913780212,0.25326818227767944,-0.06319822371006012,0.5271217226982117,0.2620680630207062,-0.11407192051410675,0.5310419797897339,0.33535686135292053,-0.14319074153900146,0.4442148208618164,0.4229782223701477,-0.020467760041356087,0.44805625081062317,0.2792394757270813,-0.0638161301612854,0.4647754430770874,0.2864963710308075,-0.10920042544603348,0.46652594208717346,0.36184144020080566,-0.13264623284339905,0.3777696490287781,0.4495897889137268,-0.027860255911946297,0.38061848282814026,0.32772916555404663,-0.063904769718647,0.3966275453567505,0.32232511043548584,-0.09052427113056183,0.40254026651382446,0.373322993516922,-0.10519402474164963,E
0.5282486081123352,0.6548904776573181,-4.0342686702388164e-07,0.591400146484375,0.5984421372413635,-0.017535211518406868,0.6231395602226257,0.4919787049293518,-0.02808140404522419,0.6054330468177795,0.40215691924095154,-0.04185621440410614,0.5476479530334473,0.37556642293930054,-0.05403122678399086,0.6083285808563232,0.34443122148513794,-0.012308364734053612,0.6162733435630798,0.2138686329126358,-0.03990167751908302,0.6205043196678162,0.26951202750205994,-0.06038476899266243,0.6139451265335083,0.34095677733421326,-0.07029107213020325,0.5576781034469604,0.3329799771308899,-0.019204886630177498,0.5630538463592529,0.19051232933998108,-0.04070418328046799,0.5722032785415649,0.2802797853946686,-0.052079349756240845,0.570863664150238,0.35158994793891907,-0.05511776730418205,0.5127271413803101,0.3476894199848175,-0.02934463508427143,0.5068216323852539,0.2151319831609726,-0.044204145669937134,0.526716411113739,0.28786078095436096,-0.04492524638772011,0.5312272906303406,0.36344239115715027,-0.04232729971408844,0.4649779796600342,0.3864150047302246,-0.041656095534563065,0.45803898572921753,0.2848423719406128,-0.051484495401382446,0.4815073311328888,0.3131753206253052,-0.047132957726716995,0.49532562494277954,0.37126848101615906,-0.041982173919677734,E
0.4977983832359314,0.8856695890426636,-3.372054209194175e-07,0.6313783526420593,0.7934623956680298,-0.04053613543510437,0.672907292842865,0.6451203227043152,-0.04743383079767227,0.5740946531295776,0.5580490231513977,-0.05774456635117531,0.4658205509185791,0.5961587429046631,-0.06351122260093689,0.6056125164031982,0.5319924354553223,0.015881968662142754,0.618732213973999,0.384982705116272,-0.02948664128780365,0.645659863948822,0.43749985098838806,-0.07336313277482986,0.638200581073761,0.5288158655166626,-0.09364229440689087,0.5272248983383179,0.5221162438392639,0.015669671818614006,0.5176377296447754,0.35925281047821045,-0.021300118416547775,0.5483176708221436,0.41020116209983826,-0.06337662041187286,0.5519309043884277,0.503765881061554,-0.08385056257247925,0.45098596811294556,0.5291267037391663,0.005021565593779087,0.42366328835487366,0.37788814306259155,-0.022273967042565346,0.4609752595424652,0.4062706232070923,-0.060638558119535446,0.4750751852989197,0.49446016550064087,-0.07837031036615372,0.37160050868988037,0.5489287376403809,-0.010564659722149372,0.34278589487075806,0.4253092408180237,-0.022326959297060966,0.3791548013687134,0.41880562901496887,-0.039809245616197586,0.4087899625301361,0.472150057554245,-0.05098593235015869,E
0.4994015097618103,0.7755036354064941,-4.894690164292115e-07,0.3853052258491516,0.6926456093788147,-0.06297381967306137,0.37517595291137695,0.5138718485832214,-0.07772240787744522,0.48328614234924316,0.41531988978385925,-0.09255778789520264,0.5990192294120789,0.4008655250072479,-0.09471984207630157,0.4131639897823334,0.3532700836658478,0.015371211804449558,0.44575610756874084,0.18324272334575653,-0.05203879252076149,0.45445922017097473,0.21222929656505585,-0.1063016802072525,0.45380446314811707,0.31720268726348877,-0.13084545731544495,0.5250779986381531,0.3625504672527313,0.02092140167951584,0.5814650654792786,0.19391800463199615,-0.03869429603219032,0.5680748820304871,0.24808330833911896,-0.07355587929487228,0.5429686307907104,0.34594735503196716,-0.07995292544364929,0.6090691685676575,0.4049241542816162,0.009714596904814243,0.6803222894668579,0.23745505511760712,-0.04158899560570717,0.6530512571334839,0.2851036787033081,-0.04786398634314537,0.6266053318977356,0.3796861469745636,-0.03717239946126938,0.6911064386367798,0.4699285626411438,-0.010442486964166164,0.7414065599441528,0.3596562147140503,-0.05965304747223854,0.7099786996841431,0.3839348554611206,-0.06835954636335373,0.6728629469871521,0.4511088728904724,-0.06105945259332657,E
0.48270294070243835,0.7976894378662109,3.317367429644946e-07,0.6330622434616089,0.747548520565033,-0.08400390297174454,0.7651408910751343,0.6362847685813904,-0.13571681082248688,0.8100147247314453,0.5574792623519897,-0.18995440006256104,0.7147405743598938,0.5363461375236511,-0.23302370309829712,0.6050541400909424,0.43179941177368164,-0.04145749285817146,0.6450710892677307,0.34599509835243225,-0.16692747175693512,0.6778339147567749,0.4234875440597534,-0.2681560814380646,0.6796243786811829,0.49730753898620605,-0.31521719694137573,0.48478007316589355,0.41129961609840393,-0.060891568660736084,0.4771716594696045,0.26029539108276367,-0.1298663467168808,0.482040673494339,0.16707727313041687,-0.1914915293455124,0.47784528136253357,0.07619771361351013,-0.23155850172042847,0.3715575933456421,0.4332117438316345,-0.1028105616569519,0.3335743546485901,0.27973881363868713,-0.17012105882167816,0.3163759708404541,0.18350975215435028,-0.22585049271583557,0.30608054995536804,0.09172531962394714,-0.25832703709602356,0.269709050655365,0.4913031756877899,-0.1541300117969513,0.19167059659957886,0.3834194839000702,-0.19570450484752655,0.15108880400657654,0.3126204311847687,-0.21156400442123413,0.12741845846176147,0.24103009700775146,-0.2204217165708542,F
0.47150754928588867,0.7799712419509888,5.585776534644538e-07,0.5685659050941467,0.7325401306152344,-0.058991722762584686,0.6400493383407593,0.6333060264587402,-0.08736845850944519,0.6624629497528076,0.5489450693130493,-0.11656322330236435,0.606999397277832,0.49970459938049316,-0.14086221158504486,0.5879724025726318,0.4498573839664459,-0.019231438636779785,0.6218147277832031,0.33370599150657654,-0.08839867264032364,0.6315118074417114,0.3544104993343353,-0.1470879167318344,0.6303256154060364,0.40435323119163513,-0.1742520034313202,0.5151650309562683,0.42810213565826416,-0.022734802216291428,0.5269454121589661,0.2761777937412262,-0.056768786162137985,0.5311146378517151,0.18087714910507202,-0.0923800989985466,0.5332063436508179,0.09725892543792725,-0.11644820868968964,0.44487494230270386,0.4419110417366028,-0.04084544628858566,0.45132023096084595,0.29980236291885376,-0.07323623448610306,0.4570258557796478,0.20550641417503357,-0.10180804878473282,0.4623596966266632,0.12452894449234009,-0.11952053755521774,0.37513577938079834,0.48236796259880066,-0.06657721102237701,0.3839212954044342,0.36916783452033997,-0.08872036635875702,0.3913574814796448,0.29286354780197144,-0.09563511610031128,0.4025620222091675,0.22282837331295013,-0.09917393326759338,F
0.4813728332519531,0.8268700838088989,4.380545703952521e-07,0.5540037751197815,0.7489138245582581,-0.032838091254234314,0.6006476879119873,0.5966967940330505,-0.045491550117731094,0.6248076558113098,0.4573895335197449,-0.06034864857792854,0.5953749418258667,0.3560101389884949,-0.07273492962121964,0.539549708366394,0.44922739267349243,0.0014339040499180555,0.5375368595123291,0.2931433320045471,-0.04478192701935768,0.5611642599105835,0.2816162705421448,-0.0827074721455574,0.584730327129364,0.32579678297042847,-0.09848932176828384,0.48939773440361023,0.4359573721885681,-0.000993884401395917,0.4778219759464264,0.25704991817474365,-0.01996690221130848,0.46797508001327515,0.14264824986457825,-0.03951342776417732,0.46040284633636475,0.047498464584350586,-0.05219767242670059,0.44390156865119934,0.45573890209198,-0.01396960485726595,0.4334167242050171,0.29945212602615356,-0.030928632244467735,0.427249938249588,0.190119206905365,-0.04120270535349846,0.42212358117103577,0.0998799204826355,-0.0472852848470211,0.3957723379135132,0.4997361898422241,-0.03248022869229317,0.3910079896450043,0.379087895154953,-0.04461578652262688,0.38294413685798645,0.29533666372299194,-0.04518020898103714,0.37743067741394043,0.21773651242256165,-0.04406245797872543,F
0.4747539460659027,0.88632732629776,3.6187617524774396e-07,0.597227156162262,0.8239870667457581,-0.051197607070207596,0.6977710723876953,0.7076362371444702,-0.08220691978931427,0.7740612626075745,0.6126263737678528,-0.11676276475191116,0.7700552940368652,0.513164758682251,-0.1433606594800949,0.6065480709075928,0.5323995351791382,-0.02764461189508438,0.6739333271980286,0.44378143548965454,-0.11915726214647293,0.6915554404258728,0.5243374705314636,-0.19077883660793304,0.6831993460655212,0.6110754609107971,-0.22173114120960236,0.5264011025428772,0.4916795492172241,-0.04232482612133026,0.5535532236099243,0.31496405601501465,-0.09022257477045059,0.5713859796524048,0.19968733191490173,-0.13383996486663818,0.5841561555862427,0.09238070249557495,-0.16185341775417328,0.4462028443813324,0.49543485045433044,-0.07153462618589401,0.4544503390789032,0.3267641067504883,-0.11792563647031784,0.4634515643119812,0.2225162386894226,-0.1526487022638321,0.4729602336883545,0.1277928650379181,-0.17216822504997253,0.3722711205482483,0.5423529744148254,-0.10652998089790344,0.3439251184463501,0.4293369650840759,-0.1382542997598648,0.3241932690143585,0.3488711416721344,-0.14510972797870636,0.3088408410549164,0.2772924304008484,-0.1461777538061142,F
0.46476006507873535,0.8700308799743652,8.875521757545357e-07,0.569234311580658,0.8065420389175415,-0.10740180313587189,0.6455320715904236,0.7156170606613159,-0.18873700499534607,0.7046818733215332,0.6429578065872192,-0.26964324712753296,0.6408987641334534,0.5987558960914612,-0.3422502279281616,0.5396853089332581,0.5017469525337219,-0.09628985822200775,0.5466188788414001,0.3859827518463135,-0.23091216385364532,0.5747921466827393,0.47399085760116577,-0.3307129740715027,0.5787849426269531,0.5553305149078369,-0.3738187849521637,0.4516432583332062,0.4981873631477356,-0.09932833164930344,0.4474773406982422,0.3220239579677582,-0.18460716307163239,0.4354119896888733,0.20045703649520874,-0.2540220320224762,0.41270095109939575,0.062209099531173706,-0.29933127760887146,0.36990395188331604,0.5343502759933472,-0.12173248827457428,0.36187171936035156,0.37102311849594116,-0.18760961294174194,0.3553645610809326,0.25761574506759644,-0.23490330576896667,0.35066717863082886,0.14822569489479065,-0.2629697918891907,0.28557848930358887,0.5958684086799622,-0.15550805628299713,0.26648715138435364,0.47172126173973083,-0.18349821865558624,0.25229522585868835,0.3818647861480713,-0.19159294664859772,0.25045034289360046,0.29824259877204895,-0.1982174515724182,F
0.4858640730381012,0.6114650964736938,3.908404551111744e-07,0.5833591222763062,0.5527544021606445,-0.010063260793685913,0.6547017693519592,0.48571133613586426,-0.03107874095439911,0.718869686126709,0.43867027759552,-0.06359720230102539,0.7538265585899353,0.38772475719451904,-0.09115684032440186,0.5266725420951843,0.3734721541404724,0.0056248134933412075,0.598334789276123,0.3056480586528778,-0.07732890546321869,0.6721578240394592,0.33047446608543396,-0.14493440091609955,0.7198325991630554,0.3743036389350891,-0.17482160031795502,0.4878659248352051,0.36237165331840515,-0.023421157151460648,0.5070174336433411,0.2608829140663147,-0.06471578031778336,0.5326899886131287,0.18820422887802124,-0.10376542061567307,0.5424697399139404,0.13086369633674622,-0.12954352796077728,0.4490715265274048,0.3755775988101959,-0.06354381889104843,0.4144476056098938,0.27616214752197266,-0.09962272644042969,0.403873473405838,0.20670539140701294,-0.12598341703414917,0.39606231451034546,0.1476975977420807,-0.1415068656206131,0.4161470830440521,0.41038286685943604,-0.10710771381855011,0.3543087840080261,0.3490707576274872,-0.13685740530490875,0.31858447194099426,0.29874172806739807,-0.1441347301006317,0.29224589467048645,0.2518600821495056,-0.14478915929794312,F
0.46101465821266174,0.8773165941238403,2.6724930535237945e-07,0.5379922389984131,0.843707799911499,-0.06590167433023453,0.6105544567108154,0.7677618265151978,-0.10710444301366806,0.6411666870117188,0.6974981427192688,-0.14344806969165802,0.5989701151847839,0.6580961346626282,-0.17380671203136444,0.5501991510391235,0.5228522419929504,-0.06043742224574089,0.5673441290855408,0.4617212116718292,-0.13078968226909637,0.5637944340705872,0.5575850009918213,-0.18515755236148834,0.550892174243927,0.6462104916572571,-0.2105908840894699,0.48363611102104187,0.4845953583717346,-0.05440101772546768,0.49105411767959595,0.33592361211776733,-0.0960008054971695,0.5016829371452332,0.2407679706811905,-0.12607266008853912,0.510219156742096,0.14841675758361816,-0.1458974927663803,0.42039328813552856,0.4930141866207123,-0.05943545326590538,0.40822654962539673,0.3466474413871765,-0.09588456153869629,0.40153858065605164,0.2575271725654602,-0.12292873859405518,0.4022008180618286,0.17126375436782837,-0.13865642249584198,0.36025339365005493,0.5440874099731445,-0.07046026736497879,0.322983980178833,0.44576495885849,-0.09097694605588913,0.2938193678855896,0.3830459713935852,-0.09901952743530273,0.27539265155792236,0.322948694229126,-0.10398580133914948,F
0.4559344947338104,0.8122304677963257,1.0348006753702066e-06,0.560366153717041,0.7587180137634277,-0.050315432250499725,0.6389869451522827,0.6694111824035645,-0.08936234563589096,0.7119316458702087,0.6079835891723633,-0.13020141422748566,0.7727692127227783,0.5524150133132935,-0.16638104617595673,0.5678275227546692,0.511784553527832,-0.048412345349788666,0.6800533533096313,0.4404211938381195,-0.1426771879196167,0.7456139326095581,0.46724051237106323,-0.21216091513633728,0.7767643928527832,0.5161683559417725,-0.243508979678154,0.4919612407684326,0.48261308670043945,-0.06673301011323929,0.530579149723053,0.33550477027893066,-0.12985175848007202,0.5686118006706238,0.23794472217559814,-0.1728474199771881,0.5913161635398865,0.15718111395835876,-0.19569815695285797,0.4114631414413452,0.5012015104293823,-0.0976426973938942,0.4093693196773529,0.36249473690986633,-0.16280026733875275,0.4179580807685852,0.2706344723701477,-0.1969250738620758,0.42480215430259705,0.19237327575683594,-0.2093854546546936,0.3348607122898102,0.5550637245178223,-0.1323963850736618,0.301274836063385,0.45527559518814087,-0.1827147752046585,0.28450295329093933,0.383544385433197,-0.19349545240402222,0.2757594585418701,0.3165320158004761,-0.1924239546060562,F
0.5101847648620605,0.8496518135070801,3.6425643656912143e-07,0.5827955603599548,0.7546661496162415,-0.03191396966576576,0.6286302208900452,0.6409182548522949,-0.049541667103767395,0.6366609334945679,0.5353130102157593,-0.06935993582010269,0.5938873887062073,0.4680421054363251,-0.08651868999004364,0.5515971183776855,0.48762452602386475,-0.004029981791973114,0.549752950668335,0.3513503074645996,-0.05041341483592987,0.5643289685249329,0.37086135149002075,-0.09067372232675552,0.577092170715332,0.42262861132621765,-0.10863105952739716,0.4998660087585449,0.4831930100917816,-0.007822141982614994,0.49702566862106323,0.31390416622161865,-0.027748815715312958,0.4979769289493561,0.21254098415374756,-0.05171705782413483,0.50056391954422,0.12364968657493591,-0.06892398744821548,0.4518510401248932,0.5074933171272278,-0.021009735763072968,0.44072210788726807,0.3587570786476135,-0.0385240763425827,0.436736136674881,0.26395031809806824,-0.055908653885126114,0.43814659118652344,0.18320387601852417,-0.0676337331533432,0.4022645354270935,0.5591596961021423,-0.03879689797759056,0.3836917281150818,0.44856423139572144,-0.048529185354709625,0.37411853671073914,0.3771796226501465,-0.04994133487343788,0.369113564491272,0.3125241994857788,-0.05071866884827614,F
0.5614086389541626,0.8536475896835327,2.0393746069657936e-07,0.6404771208763123,0.7700977325439453,-0.03881970793008804,0.6707000136375427,0.6397392153739929,-0.0601051039993763,0.6649832725524902,0.5389413237571716,-0.08795427531003952,0.5972191691398621,0.48564043641090393,-0.11120050400495529,0.5891297459602356,0.5072301626205444,0.008612621575593948,0.592655599117279,0.4003312587738037,-0.06339575350284576,0.598720371723175,0.4482240676879883,-0.12506887316703796,0.5968313217163086,0.5102601051330566,-0.1532595455646515,0.5176413655281067,0.504966139793396,-0.007035818882286549,0.4991086721420288,0.34633803367614746,-0.038848910480737686,0.4852704405784607,0.251522421836853,-0.07240540534257889,0.47135940194129944,0.16389179229736328,-0.09588705748319626,0.4577242136001587,0.5350954532623291,-0.03807994723320007,0.4362087845802307,0.3905063271522522,-0.06970266252756119,0.42427340149879456,0.2966246008872986,-0.09327520430088043,0.4143819212913513,0.21198022365570068,-0.10818945616483688,0.40517735481262207,0.5865319967269897,-0.07567393034696579,0.3878513276576996,0.4747160077095032,-0.09506197273731232,0.37821823358535767,0.3996131718158722,-0.09671948105096817,0.372843861579895,0.329719215631485,-0.09804954379796982,F
